text,opponent,format,phase,year,venue,bowler,batsmen
"SA vs Australia, International, Sydney Cricket Ground, Sydney, 2015, Over 0 (death), PA Cummins bowled to Q de Kock, HM Amla, F du Plessis, RR Rossouw, D Miller, 1450 runs scored, 55 wickets, extras: 83. Match situation: South Africa 1533 for 55",Australia,International,death,2015,"Sydney Cricket Ground, Sydney",PA Cummins,"Q de Kock, HM Amla, F du Plessis, RR Rossouw, D Miller"
"SA vs Australia, International, Sydney Cricket Ground, Sydney, 2015, Over 1 (death), MG Johnson bowled to F du Plessis, HM Amla, Q de Kock, RR Rossouw, D Miller, 1422 runs scored, 37 wickets, extras: 90. Match situation: South Africa 3045 for 92",Australia,International,death,2015,"Sydney Cricket Ground, Sydney",MG Johnson,"F du Plessis, HM Amla, Q de Kock, RR Rossouw, D Miller"
"SA vs Australia, International, Sydney Cricket Ground, Sydney, 2015, Over 2 (death), MG Johnson bowled to F du Plessis, Q de Kock, HM Amla, RR Rossouw, D Miller, 1519 runs scored, 41 wickets, extras: 95. Match situation: South Africa 4659 for 133",Australia,International,death,2015,"Sydney Cricket Ground, Sydney",MG Johnson,"F du Plessis, Q de Kock, HM Amla, RR Rossouw, D Miller"
"SA vs Australia, International, Sydney Cricket Ground, Sydney, 2015, Over 3 (death), PA Cummins bowled to F du Plessis, Q de Kock, HM Amla, RR Rossouw, D Miller, 1467 runs scored, 46 wickets, extras: 70. Match situation: South Africa 6196 for 179",Australia,International,death,2015,"Sydney Cricket Ground, Sydney",PA Cummins,"F du Plessis, Q de Kock, HM Amla, RR Rossouw, D Miller"
"SA vs Australia, International, Sydney Cricket Ground, Sydney, 2015, Over 4 (death), NM Lyon bowled to F du Plessis, Q de Kock, HM Amla, RR Rossouw, D Miller, T Bavuma, 1496 runs scored, 40 wickets, extras: 94. Match situation: South Africa 7786 for 219",Australia,International,death,2015,"Sydney Cricket Ground, Sydney",NM Lyon,"F du Plessis, Q de Kock, HM Amla, RR Rossouw, D Miller, T Bavuma"
"SA vs Australia, International, Sydney Cricket Ground, Sydney, 2015, Over 5 (death), MG Johnson bowled to F du Plessis, RR Rossouw, HM Amla, Q de Kock, T Bavuma, D Miller, 1427 runs scored, 37 wickets, extras: 101. Match situation: South Africa 9314 for 256",Australia,International,death,2015,"Sydney Cricket Ground, Sydney",MG Johnson,"F du Plessis, RR Rossouw, HM Amla, Q de Kock, T Bavuma, D Miller"
"SA vs Australia, International, Sydney Cricket Ground, Sydney, 2015, Over 6 (death), MG Johnson bowled to RR Rossouw, F du Plessis, HM Amla, Q de Kock, T Bavuma, D Miller, H Klaasen, 1464 runs scored, 37 wickets, extras: 99. Match situation: South Africa 10877 for 293",Australia,International,death,2015,"Sydney Cricket Ground, Sydney",MG Johnson,"RR Rossouw, F du Plessis, HM Amla, Q de Kock, T Bavuma, D Miller, H Klaasen"
"SA vs Australia, International, Sydney Cricket Ground, Sydney, 2015, Over 7 (death), NM Lyon bowled to RR Rossouw, D Miller, HM Amla, F du Plessis, Q de Kock, T Bavuma, H Klaasen, M Verreynne, 1465 runs scored, 34 wickets, extras: 85. Match situation: South Africa 12427 for 327",Australia,International,death,2015,"Sydney Cricket Ground, Sydney",NM Lyon,"RR Rossouw, D Miller, HM Amla, F du Plessis, Q de Kock, T Bavuma, H Klaasen, M Verreynne"
"SA vs Australia, International, Sydney Cricket Ground, Sydney, 2015, Over 8 (death), NM Lyon bowled to RR Rossouw, D Miller, F du Plessis, HM Amla, Q de Kock, T Bavuma, H Klaasen, M Verreynne, 1419 runs scored, 43 wickets, extras: 93. Match situation: South Africa 13939 for 370",Australia,International,death,2015,"Sydney Cricket Ground, Sydney",NM Lyon,"RR Rossouw, D Miller, F du Plessis, HM Amla, Q de Kock, T Bavuma, H Klaasen, M Verreynne"
"SA vs Australia, International, Sydney Cricket Ground, Sydney, 2015, Over 9 (death), MS Wade bowled to D Miller, F du Plessis, RR Rossouw, HM Amla, T Bavuma, Q de Kock, H Klaasen, M Verreynne, 1449 runs scored, 67 wickets, extras: 87. Match situation: South Africa 15475 for 437",Australia,International,death,2015,"Sydney Cricket Ground, Sydney",MS Wade,"D Miller, F du Plessis, RR Rossouw, HM Amla, T Bavuma, Q de Kock, H Klaasen, M Verreynne"
"SA vs Australia, International, Sydney Cricket Ground, Sydney, 2015, Over 10 (death), PA Cummins bowled to D Miller, F du Plessis, RR Rossouw, T Bavuma, HM Amla, Q de Kock, H Klaasen, M Verreynne, 1520 runs scored, 43 wickets, extras: 89. Match situation: South Africa 17084 for 480",Australia,International,death,2015,"Sydney Cricket Ground, Sydney",PA Cummins,"D Miller, F du Plessis, RR Rossouw, T Bavuma, HM Amla, Q de Kock, H Klaasen, M Verreynne"
"SA vs Australia, International, Sydney Cricket Ground, Sydney, 2015, Over 11 (death), PA Cummins bowled to D Miller, T Bavuma, RR Rossouw, F du Plessis, HM Amla, H Klaasen, Q de Kock, M Verreynne, JN Malan, 1556 runs scored, 44 wickets, extras: 106. Match situation: South Africa 18746 for 524",Australia,International,death,2015,"Sydney Cricket Ground, Sydney",PA Cummins,"D Miller, T Bavuma, RR Rossouw, F du Plessis, HM Amla, H Klaasen, Q de Kock, M Verreynne, JN Malan"
"SA vs Australia, International, Sydney Cricket Ground, Sydney, 2015, Over 12 (death), MG Johnson bowled to D Miller, T Bavuma, RR Rossouw, F du Plessis, HM Amla, H Klaasen, M Verreynne, Q de Kock, JN Malan, 1528 runs scored, 42 wickets, extras: 90. Match situation: South Africa 20364 for 566",Australia,International,death,2015,"Sydney Cricket Ground, Sydney",MG Johnson,"D Miller, T Bavuma, RR Rossouw, F du Plessis, HM Amla, H Klaasen, M Verreynne, Q de Kock, JN Malan"
"SA vs Australia, International, Sydney Cricket Ground, Sydney, 2015, Over 13 (death), MG Johnson bowled to D Miller, T Bavuma, H Klaasen, RR Rossouw, F du Plessis, M Verreynne, HM Amla, JN Malan, Q de Kock, TP Ingram, 1405 runs scored, 54 wickets, extras: 105. Match situation: South Africa 21874 for 620",Australia,International,death,2015,"Sydney Cricket Ground, Sydney",MG Johnson,"D Miller, T Bavuma, H Klaasen, RR Rossouw, F du Plessis, M Verreynne, HM Amla, JN Malan, Q de Kock, TP Ingram"
"SA vs Australia, International, Sydney Cricket Ground, Sydney, 2015, Over 14 (death), PA Cummins bowled to H Klaasen, T Bavuma, RR Rossouw, D Miller, F du Plessis, M Verreynne, HM Amla, JN Malan, TP Ingram, Q de Kock, R Hendricks, 1437 runs scored, 41 wickets, extras: 81. Match situation: South Africa 23392 for 661",Australia,International,death,2015,"Sydney Cricket Ground, Sydney",PA Cummins,"H Klaasen, T Bavuma, RR Rossouw, D Miller, F du Plessis, M Verreynne, HM Amla, JN Malan, TP Ingram, Q de Kock, R Hendricks"
"SA vs Australia, International, Sydney Cricket Ground, Sydney, 2015, Over 15 (death), PA Cummins bowled to H Klaasen, T Bavuma, RR Rossouw, D Miller, F du Plessis, M Verreynne, R Hendricks, HM Amla, JN Malan, Q de Kock, TP Ingram, 1338 runs scored, 42 wickets, extras: 107. Match situation: South Africa 24837 for 703",Australia,International,death,2015,"Sydney Cricket Ground, Sydney",PA Cummins,"H Klaasen, T Bavuma, RR Rossouw, D Miller, F du Plessis, M Verreynne, R Hendricks, HM Amla, JN Malan, Q de Kock, TP Ingram"
"SA vs Australia, International, Sydney Cricket Ground, Sydney, 2015, Over 16 (death), PA Cummins bowled to H Klaasen, M Verreynne, T Bavuma, RR Rossouw, D Miller, F du Plessis, R Hendricks, HM Amla, JN Malan, Q de Kock, TP Ingram, 1508 runs scored, 47 wickets, extras: 92. Match situation: South Africa 26437 for 750",Australia,International,death,2015,"Sydney Cricket Ground, Sydney",PA Cummins,"H Klaasen, M Verreynne, T Bavuma, RR Rossouw, D Miller, F du Plessis, R Hendricks, HM Amla, JN Malan, Q de Kock, TP Ingram"
"SA vs Australia, International, Sydney Cricket Ground, Sydney, 2015, Over 17 (death), MS Wade bowled to M Verreynne, H Klaasen, RR Rossouw, T Bavuma, D Miller, F du Plessis, R Hendricks, HM Amla, JN Malan, TP Ingram, Q de Kock, 1487 runs scored, 46 wickets, extras: 81. Match situation: South Africa 28005 for 796",Australia,International,death,2015,"Sydney Cricket Ground, Sydney",MS Wade,"M Verreynne, H Klaasen, RR Rossouw, T Bavuma, D Miller, F du Plessis, R Hendricks, HM Amla, JN Malan, TP Ingram, Q de Kock"
"SA vs Australia, International, Sydney Cricket Ground, Sydney, 2015, Over 18 (death), MG Johnson bowled to M Verreynne, RR Rossouw, H Klaasen, T Bavuma, D Miller, JN Malan, F du Plessis, R Hendricks, HM Amla, TP Ingram, Q de Kock, 1507 runs scored, 36 wickets, extras: 85. Match situation: South Africa 29597 for 832",Australia,International,death,2015,"Sydney Cricket Ground, Sydney",MG Johnson,"M Verreynne, RR Rossouw, H Klaasen, T Bavuma, D Miller, JN Malan, F du Plessis, R Hendricks, HM Amla, TP Ingram, Q de Kock"
"SA vs Australia, International, Sydney Cricket Ground, Sydney, 2015, Over 19 (death), PA Cummins bowled to M Verreynne, JN Malan, RR Rossouw, D Miller, T Bavuma, H Klaasen, F du Plessis, R Hendricks, HM Amla, TP Ingram, 1460 runs scored, 31 wickets, extras: 91. Match situation: South Africa 31148 for 863",Australia,International,death,2015,"Sydney Cricket Ground, Sydney",PA Cummins,"M Verreynne, JN Malan, RR Rossouw, D Miller, T Bavuma, H Klaasen, F du Plessis, R Hendricks, HM Amla, TP Ingram"
"SA vs Australia, International, Sydney Cricket Ground, Sydney, 2015, Over 20 (death), PVD Chameera bowled to D Miller, JN Malan, T Bavuma, H Klaasen, M Verreynne, RR Rossouw, TP Ingram, F du Plessis, HM Amla, R Hendricks, 1026 runs scored, 28 wickets, extras: 65. Match situation: South Africa 32239 for 891",Australia,International,death,2015,"Sydney Cricket Ground, Sydney",PVD Chameera,"D Miller, JN Malan, T Bavuma, H Klaasen, M Verreynne, RR Rossouw, TP Ingram, F du Plessis, HM Amla, R Hendricks"
"SA vs Australia, International, Sydney Cricket Ground, Sydney, 2015, Over 21 (death), AN Fernando bowled to D Miller, JN Malan, T Bavuma, H Klaasen, M Verreynne, RR Rossouw, TP Ingram, R Hendricks, HM Amla, F du Plessis, 1119 runs scored, 20 wickets, extras: 59. Match situation: South Africa 33417 for 911",Australia,International,death,2015,"Sydney Cricket Ground, Sydney",AN Fernando,"D Miller, JN Malan, T Bavuma, H Klaasen, M Verreynne, RR Rossouw, TP Ingram, R Hendricks, HM Amla, F du Plessis"
"SA vs Australia, International, Sydney Cricket Ground, Sydney, 2015, Over 22 (death), AD Mathews bowled to D Miller, T Bavuma, JN Malan, M Verreynne, H Klaasen, TP Ingram, RR Rossouw, R Hendricks, HM Amla, F du Plessis, 969 runs scored, 22 wickets, extras: 61. Match situation: South Africa 34447 for 933",Australia,International,death,2015,"Sydney Cricket Ground, Sydney",AD Mathews,"D Miller, T Bavuma, JN Malan, M Verreynne, H Klaasen, TP Ingram, RR Rossouw, R Hendricks, HM Amla, F du Plessis"
"SA vs Australia, International, Sydney Cricket Ground, Sydney, 2015, Over 23 (death), AD Mathews bowled to T Bavuma, JN Malan, M Verreynne, H Klaasen, TP Ingram, D Miller, R Hendricks, RR Rossouw, HM Amla, F du Plessis, 967 runs scored, 27 wickets, extras: 73. Match situation: South Africa 35487 for 960",Australia,International,death,2015,"Sydney Cricket Ground, Sydney",AD Mathews,"T Bavuma, JN Malan, M Verreynne, H Klaasen, TP Ingram, D Miller, R Hendricks, RR Rossouw, HM Amla, F du Plessis"
"SA vs Australia, International, Sydney Cricket Ground, Sydney, 2015, Over 24 (death), PVD Chameera bowled to T Bavuma, JN Malan, M Verreynne, H Klaasen, TP Ingram, D Miller, R Hendricks, RR Rossouw, HM Amla, F du Plessis, 986 runs scored, 17 wickets, extras: 66. Match situation: South Africa 36539 for 977",Australia,International,death,2015,"Sydney Cricket Ground, Sydney",PVD Chameera,"T Bavuma, JN Malan, M Verreynne, H Klaasen, TP Ingram, D Miller, R Hendricks, RR Rossouw, HM Amla, F du Plessis"
"SA vs Australia, International, Sydney Cricket Ground, Sydney, 2015, Over 25 (death), W Hasaranga bowled to T Bavuma, JN Malan, H Klaasen, M Verreynne, TP Ingram, R Hendricks, RR Rossouw, D Miller, HM Amla, F du Plessis, 1010 runs scored, 30 wickets, extras: 62. Match situation: South Africa 37611 for 1007",Australia,International,death,2015,"Sydney Cricket Ground, Sydney",W Hasaranga,"T Bavuma, JN Malan, H Klaasen, M Verreynne, TP Ingram, R Hendricks, RR Rossouw, D Miller, HM Amla, F du Plessis"
"SA vs Australia, International, Sydney Cricket Ground, Sydney, 2015, Over 26 (death), AD Mathews bowled to T Bavuma, JN Malan, TP Ingram, H Klaasen, M Verreynne, R Hendricks, RR Rossouw, D Miller, HM Amla, F du Plessis, 977 runs scored, 19 wickets, extras: 75. Match situation: South Africa 38663 for 1026",Australia,International,death,2015,"Sydney Cricket Ground, Sydney",AD Mathews,"T Bavuma, JN Malan, TP Ingram, H Klaasen, M Verreynne, R Hendricks, RR Rossouw, D Miller, HM Amla, F du Plessis"
"SA vs Australia, International, Sydney Cricket Ground, Sydney, 2015, Over 27 (death), W Hasaranga bowled to T Bavuma, TP Ingram, M Verreynne, JN Malan, R Hendricks, H Klaasen, RR Rossouw, D Miller, HM Amla, F du Plessis, 939 runs scored, 24 wickets, extras: 61. Match situation: South Africa 39663 for 1050",Australia,International,death,2015,"Sydney Cricket Ground, Sydney",W Hasaranga,"T Bavuma, TP Ingram, M Verreynne, JN Malan, R Hendricks, H Klaasen, RR Rossouw, D Miller, HM Amla, F du Plessis"
"SA vs Australia, International, Sydney Cricket Ground, Sydney, 2015, Over 28 (death), AN Fernando bowled to T Bavuma, TP Ingram, R Hendricks, M Verreynne, JN Malan, H Klaasen, RR Rossouw, D Miller, HM Amla, F du Plessis, 937 runs scored, 16 wickets, extras: 57. Match situation: South Africa 40657 for 1066",Australia,International,death,2015,"Sydney Cricket Ground, Sydney",AN Fernando,"T Bavuma, TP Ingram, R Hendricks, M Verreynne, JN Malan, H Klaasen, RR Rossouw, D Miller, HM Amla, F du Plessis"
"SA vs Australia, International, Sydney Cricket Ground, Sydney, 2015, Over 29 (death), AD Mathews bowled to H Klaasen, R Hendricks, M Verreynne, TP Ingram, JN Malan, T Bavuma, RR Rossouw, D Miller, HM Amla, F du Plessis, 970 runs scored, 21 wickets, extras: 55. Match situation: South Africa 41682 for 1087",Australia,International,death,2015,"Sydney Cricket Ground, Sydney",AD Mathews,"H Klaasen, R Hendricks, M Verreynne, TP Ingram, JN Malan, T Bavuma, RR Rossouw, D Miller, HM Amla, F du Plessis"
"SA vs Australia, International, Sydney Cricket Ground, Sydney, 2015, Over 30 (death), PVD Chameera bowled to H Klaasen, R Hendricks, M Verreynne, JN Malan, TP Ingram, D Miller, T Bavuma, HM Amla, RR Rossouw, 946 runs scored, 14 wickets, extras: 62. Match situation: South Africa 42690 for 1101",Australia,International,death,2015,"Sydney Cricket Ground, Sydney",PVD Chameera,"H Klaasen, R Hendricks, M Verreynne, JN Malan, TP Ingram, D Miller, T Bavuma, HM Amla, RR Rossouw"
"SA vs Australia, International, Sydney Cricket Ground, Sydney, 2015, Over 31 (death), AD Mathews bowled to H Klaasen, R Hendricks, JN Malan, TP Ingram, D Miller, M Verreynne, T Bavuma, HM Amla, RR Rossouw, 993 runs scored, 17 wickets, extras: 59. Match situation: South Africa 43742 for 1118",Australia,International,death,2015,"Sydney Cricket Ground, Sydney",AD Mathews,"H Klaasen, R Hendricks, JN Malan, TP Ingram, D Miller, M Verreynne, T Bavuma, HM Amla, RR Rossouw"
"SA vs Australia, International, Sydney Cricket Ground, Sydney, 2015, Over 32 (death), PVD Chameera bowled to H Klaasen, R Hendricks, JN Malan, TP Ingram, D Miller, M Verreynne, T Bavuma, HM Amla, F du Plessis, RR Rossouw, 972 runs scored, 13 wickets, extras: 61. Match situation: South Africa 44775 for 1131",Australia,International,death,2015,"Sydney Cricket Ground, Sydney",PVD Chameera,"H Klaasen, R Hendricks, JN Malan, TP Ingram, D Miller, M Verreynne, T Bavuma, HM Amla, F du Plessis, RR Rossouw"
"SA vs Australia, International, Sydney Cricket Ground, Sydney, 2015, Over 33 (death), AN Fernando bowled to H Klaasen, M Verreynne, R Hendricks, JN Malan, TP Ingram, D Miller, T Bavuma, F du Plessis, RR Rossouw, 1020 runs scored, 12 wickets, extras: 57. Match situation: South Africa 45852 for 1143",Australia,International,death,2015,"Sydney Cricket Ground, Sydney",AN Fernando,"H Klaasen, M Verreynne, R Hendricks, JN Malan, TP Ingram, D Miller, T Bavuma, F du Plessis, RR Rossouw"
"SA vs Australia, International, Sydney Cricket Ground, Sydney, 2015, Over 34 (death), AN Fernando bowled to M Verreynne, JN Malan, R Hendricks, TP Ingram, H Klaasen, T Bavuma, F du Plessis, RR Rossouw, D Miller, 920 runs scored, 15 wickets, extras: 66. Match situation: South Africa 46838 for 1158",Australia,International,death,2015,"Sydney Cricket Ground, Sydney",AN Fernando,"M Verreynne, JN Malan, R Hendricks, TP Ingram, H Klaasen, T Bavuma, F du Plessis, RR Rossouw, D Miller"
"SA vs Australia, International, Sydney Cricket Ground, Sydney, 2015, Over 35 (death), AD Mathews bowled to JN Malan, TP Ingram, R Hendricks, M Verreynne, H Klaasen, T Bavuma, RR Rossouw, D Miller, 1007 runs scored, 14 wickets, extras: 62. Match situation: South Africa 47907 for 1172",Australia,International,death,2015,"Sydney Cricket Ground, Sydney",AD Mathews,"JN Malan, TP Ingram, R Hendricks, M Verreynne, H Klaasen, T Bavuma, RR Rossouw, D Miller"
"SA vs Australia, International, Sydney Cricket Ground, Sydney, 2015, Over 36 (death), AN Fernando bowled to TP Ingram, R Hendricks, M Verreynne, H Klaasen, JN Malan, T Bavuma, RR Rossouw, D Miller, 1013 runs scored, 12 wickets, extras: 67. Match situation: South Africa 48987 for 1184",Australia,International,death,2015,"Sydney Cricket Ground, Sydney",AN Fernando,"TP Ingram, R Hendricks, M Verreynne, H Klaasen, JN Malan, T Bavuma, RR Rossouw, D Miller"
"SA vs Australia, International, Sydney Cricket Ground, Sydney, 2015, Over 37 (death), PVD Chameera bowled to TP Ingram, R Hendricks, M Verreynne, H Klaasen, JN Malan, T Bavuma, D Miller, 974 runs scored, 8 wickets, extras: 66. Match situation: South Africa 50027 for 1192",Australia,International,death,2015,"Sydney Cricket Ground, Sydney",PVD Chameera,"TP Ingram, R Hendricks, M Verreynne, H Klaasen, JN Malan, T Bavuma, D Miller"
"SA vs Australia, International, Sydney Cricket Ground, Sydney, 2015, Over 38 (death), W Hasaranga bowled to TP Ingram, R Hendricks, M Verreynne, H Klaasen, JN Malan, T Bavuma, D Miller, 1028 runs scored, 7 wickets, extras: 56. Match situation: South Africa 51111 for 1199",Australia,International,death,2015,"Sydney Cricket Ground, Sydney",W Hasaranga,"TP Ingram, R Hendricks, M Verreynne, H Klaasen, JN Malan, T Bavuma, D Miller"
"SA vs Australia, International, Sydney Cricket Ground, Sydney, 2015, Over 39 (death), W Hasaranga bowled to TP Ingram, R Hendricks, M Verreynne, H Klaasen, JN Malan, T Bavuma, D Miller, 1008 runs scored, 7 wickets, extras: 52. Match situation: South Africa 52171 for 1206",Australia,International,death,2015,"Sydney Cricket Ground, Sydney",W Hasaranga,"TP Ingram, R Hendricks, M Verreynne, H Klaasen, JN Malan, T Bavuma, D Miller"
"SA vs Australia, International, Sydney Cricket Ground, Sydney, 2015, Over 40 (death), AN Fernando bowled to TP Ingram, R Hendricks, M Verreynne, H Klaasen, JN Malan, T Bavuma, D Miller, 997 runs scored, 6 wickets, extras: 43. Match situation: South Africa 53211 for 1212",Australia,International,death,2015,"Sydney Cricket Ground, Sydney",AN Fernando,"TP Ingram, R Hendricks, M Verreynne, H Klaasen, JN Malan, T Bavuma, D Miller"
"SA vs Australia, International, Sydney Cricket Ground, Sydney, 2015, Over 41 (death), PVD Chameera bowled to TP Ingram, R Hendricks, M Verreynne, H Klaasen, JN Malan, T Bavuma, D Miller, 1004 runs scored, 4 wickets, extras: 51. Match situation: South Africa 54266 for 1216",Australia,International,death,2015,"Sydney Cricket Ground, Sydney",PVD Chameera,"TP Ingram, R Hendricks, M Verreynne, H Klaasen, JN Malan, T Bavuma, D Miller"
"SA vs Australia, International, Sydney Cricket Ground, Sydney, 2015, Over 42 (death), AD Mathews bowled to TP Ingram, R Hendricks, M Verreynne, JN Malan, T Bavuma, D Miller, H Klaasen, 991 runs scored, 2 wickets, extras: 56. Match situation: South Africa 55313 for 1218",Australia,International,death,2015,"Sydney Cricket Ground, Sydney",AD Mathews,"TP Ingram, R Hendricks, M Verreynne, JN Malan, T Bavuma, D Miller, H Klaasen"
"SA vs Australia, International, Sydney Cricket Ground, Sydney, 2015, Over 43 (death), PVD Chameera bowled to TP Ingram, R Hendricks, M Verreynne, JN Malan, T Bavuma, D Miller, H Klaasen, 978 runs scored, 6 wickets, extras: 54. Match situation: South Africa 56345 for 1224",Australia,International,death,2015,"Sydney Cricket Ground, Sydney",PVD Chameera,"TP Ingram, R Hendricks, M Verreynne, JN Malan, T Bavuma, D Miller, H Klaasen"
"SA vs Australia, International, Sydney Cricket Ground, Sydney, 2015, Over 44 (death), AN Fernando bowled to R Hendricks, M Verreynne, JN Malan, TP Ingram, T Bavuma, H Klaasen, D Miller, 919 runs scored, 10 wickets, extras: 55. Match situation: South Africa 57319 for 1234",Australia,International,death,2015,"Sydney Cricket Ground, Sydney",AN Fernando,"R Hendricks, M Verreynne, JN Malan, TP Ingram, T Bavuma, H Klaasen, D Miller"
"SA vs Australia, International, Sydney Cricket Ground, Sydney, 2015, Over 45 (death), AN Fernando bowled to R Hendricks, JN Malan, TP Ingram, H Klaasen, M Verreynne, T Bavuma, 1019 runs scored, 7 wickets, extras: 65. Match situation: South Africa 58403 for 1241",Australia,International,death,2015,"Sydney Cricket Ground, Sydney",AN Fernando,"R Hendricks, JN Malan, TP Ingram, H Klaasen, M Verreynne, T Bavuma"
"SA vs Australia, International, Sydney Cricket Ground, Sydney, 2015, Over 46 (death), W Hasaranga bowled to R Hendricks, JN Malan, TP Ingram, M Verreynne, H Klaasen, T Bavuma, 948 runs scored, 2 wickets, extras: 68. Match situation: South Africa 59419 for 1243",Australia,International,death,2015,"Sydney Cricket Ground, Sydney",W Hasaranga,"R Hendricks, JN Malan, TP Ingram, M Verreynne, H Klaasen, T Bavuma"
"SA vs Australia, International, Sydney Cricket Ground, Sydney, 2015, Over 47 (death), PVD Chameera bowled to R Hendricks, JN Malan, TP Ingram, M Verreynne, H Klaasen, T Bavuma, 892 runs scored, 1 wickets, extras: 57. Match situation: South Africa 60368 for 1244",Australia,International,death,2015,"Sydney Cricket Ground, Sydney",PVD Chameera,"R Hendricks, JN Malan, TP Ingram, M Verreynne, H Klaasen, T Bavuma"
"SA vs Australia, International, Sydney Cricket Ground, Sydney, 2015, Over 48 (death), PVD Chameera bowled to R Hendricks, JN Malan, TP Ingram, M Verreynne, H Klaasen, T Bavuma, 1034 runs scored, 2 wickets, extras: 58. Match situation: South Africa 61460 for 1246",Australia,International,death,2015,"Sydney Cricket Ground, Sydney",PVD Chameera,"R Hendricks, JN Malan, TP Ingram, M Verreynne, H Klaasen, T Bavuma"
"SA vs Australia, International, Sydney Cricket Ground, Sydney, 2015, Over 49 (death), PVD Chameera bowled to R Hendricks, JN Malan, TP Ingram, M Verreynne, H Klaasen, T Bavuma, 1032 runs scored, 1 wickets, extras: 52. Match situation: South Africa 62544 for 1247",Australia,International,death,2015,"Sydney Cricket Ground, Sydney",PVD Chameera,"R Hendricks, JN Malan, TP Ingram, M Verreynne, H Klaasen, T Bavuma"
"SA vs Australia, International, Sydney Cricket Ground, Sydney, 2015, Over 0 (death), DW Steyn bowled to DA Warner, MD Gunathilaka, CH Gayle, Tamim Iqbal, KS Williamson, Babar Azam, Fakhar Zaman, Mushfiqur Rahim, RG Sharma, JE Root, JD Ryder, JM Bairstow, KL Rahul, MR Marsh, AD Mathews, AN Fernando, DJ Bravo, SO Hetmyer, HH Pandya, GJ Maxwell, 1480 runs scored, 45 wickets, extras: 88. Match situation: Australia 1568 for 45",Australia,International,death,2015,"Sydney Cricket Ground, Sydney",DW Steyn,"DA Warner, MD Gunathilaka, CH Gayle, Tamim Iqbal, KS Williamson, Babar Azam, Fakhar Zaman, Mushfiqur Rahim, RG Sharma, JE Root, JD Ryder, JM Bairstow, KL Rahul, MR Marsh, AD Mathews, AN Fernando, DJ Bravo, SO Hetmyer, HH Pandya, GJ Maxwell"
"SA vs Australia, International, Sydney Cricket Ground, Sydney, 2015, Over 1 (death), T Shamsi bowled to DA Warner, MD Gunathilaka, AD Mathews, CH Gayle, Tamim Iqbal, KS Williamson, Mushfiqur Rahim, MR Marsh, Fakhar Zaman, Shadab Khan, Mustafizur Rahman, RG Sharma, KL Rahul, Babar Azam, JM Bairstow, EJG Morgan, JE Root, JD Ryder, CJ Anderson, HH Pandya, JC Buttler, SCJ Broad, AN Fernando, GJ Maxwell, DJ Bravo, SO Hetmyer, J Holder, TG Southee, TA Boult, 1501 runs scored, 56 wickets, extras: 96. Match situation: Australia 3165 for 101",Australia,International,death,2015,"Sydney Cricket Ground, Sydney",T Shamsi,"DA Warner, MD Gunathilaka, AD Mathews, CH Gayle, Tamim Iqbal, KS Williamson, Mushfiqur Rahim, MR Marsh, Fakhar Zaman, Shadab Khan, Mustafizur Rahman, RG Sharma, KL Rahul, Babar Azam, JM Bairstow, EJG Morgan, JE Root, JD Ryder, CJ Anderson, HH Pandya, JC Buttler, SCJ Broad, AN Fernando, GJ Maxwell, DJ Bravo, SO Hetmyer, J Holder, TG Southee, TA Boult"
"SA vs Australia, International, Sydney Cricket Ground, Sydney, 2015, Over 2 (death), K Rabada bowled to DA Warner, MR Marsh, AD Mathews, CH Gayle, DJ Bravo, Tamim Iqbal, KS Williamson, Mushfiqur Rahim, Shadab Khan, Mustafizur Rahman, KL Rahul, Babar Azam, EJG Morgan, JM Bairstow, JE Root, JD Ryder, CJ Anderson, Fakhar Zaman, Shaheen Afridi, MD Gunathilaka, JC Buttler, SCJ Broad, HH Pandya, SK Yadav, RG Sharma, AN Fernando, W Hasaranga, GJ Maxwell, J Holder, MS Wade, PA Cummins, SO Hetmyer, TA Boult, MJ Santner, TG Southee, 1469 runs scored, 44 wickets, extras: 98. Match situation: Australia 4732 for 145",Australia,International,death,2015,"Sydney Cricket Ground, Sydney",K Rabada,"DA Warner, MR Marsh, AD Mathews, CH Gayle, DJ Bravo, Tamim Iqbal, KS Williamson, Mushfiqur Rahim, Shadab Khan, Mustafizur Rahman, KL Rahul, Babar Azam, EJG Morgan, JM Bairstow, JE Root, JD Ryder, CJ Anderson, Fakhar Zaman, Shaheen Afridi, MD Gunathilaka, JC Buttler, SCJ Broad, HH Pandya, SK Yadav, RG Sharma, AN Fernando, W Hasaranga, GJ Maxwell, J Holder, MS Wade, PA Cummins, SO Hetmyer, TA Boult, MJ Santner, TG Southee"
"SA vs Australia, International, Sydney Cricket Ground, Sydney, 2015, Over 3 (death), A Nortje bowled to MR Marsh, AD Mathews, SO Hetmyer, Tamim Iqbal, Mushfiqur Rahim, KS Williamson, JD Ryder, Shadab Khan, Mustafizur Rahman, KL Rahul, CH Gayle, Babar Azam, EJG Morgan, JC Buttler, JE Root, JM Bairstow, HH Pandya, GJ Maxwell, CJ Anderson, DJ Bravo, Shaheen Afridi, MD Gunathilaka, AN Fernando, Fakhar Zaman, DA Warner, TG Southee, SCJ Broad, SK Yadav, MS Wade, W Hasaranga, RG Sharma, KAJ Roach, J Holder, PA Cummins, MG Johnson, MJ Santner, 1480 runs scored, 56 wickets, extras: 84. Match situation: Australia 6296 for 201",Australia,International,death,2015,"Sydney Cricket Ground, Sydney",A Nortje,"MR Marsh, AD Mathews, SO Hetmyer, Tamim Iqbal, Mushfiqur Rahim, KS Williamson, JD Ryder, Shadab Khan, Mustafizur Rahman, KL Rahul, CH Gayle, Babar Azam, EJG Morgan, JC Buttler, JE Root, JM Bairstow, HH Pandya, GJ Maxwell, CJ Anderson, DJ Bravo, Shaheen Afridi, MD Gunathilaka, AN Fernando, Fakhar Zaman, DA Warner, TG Southee, SCJ Broad, SK Yadav, MS Wade, W Hasaranga, RG Sharma, KAJ Roach, J Holder, PA Cummins, MG Johnson, MJ Santner"
"SA vs Australia, International, Sydney Cricket Ground, Sydney, 2015, Over 4 (death), K Maharaj bowled to MR Marsh, GJ Maxwell, AD Mathews, SO Hetmyer, Mushfiqur Rahim, JD Ryder, CJ Anderson, KS Williamson, Shadab Khan, Mustafizur Rahman, KL Rahul, HH Pandya, CH Gayle, Babar Azam, JC Buttler, SCJ Broad, JE Root, EJG Morgan, SK Yadav, TG Southee, Shaheen Afridi, Haris Rauf, AN Fernando, JM Bairstow, Fakhar Zaman, TA Boult, DA Warner, DJ Bravo, MS Wade, W Hasaranga, RG Sharma, Tamim Iqbal, JJ Bumrah, KAJ Roach, SS Cottrell, J Holder, PA Cummins, MG Johnson, MD Gunathilaka, MJ Santner, 1541 runs scored, 51 wickets, extras: 92. Match situation: Australia 7929 for 252",Australia,International,death,2015,"Sydney Cricket Ground, Sydney",K Maharaj,"MR Marsh, GJ Maxwell, AD Mathews, SO Hetmyer, Mushfiqur Rahim, JD Ryder, CJ Anderson, KS Williamson, Shadab Khan, Mustafizur Rahman, KL Rahul, HH Pandya, CH Gayle, Babar Azam, JC Buttler, SCJ Broad, JE Root, EJG Morgan, SK Yadav, TG Southee, Shaheen Afridi, Haris Rauf, AN Fernando, JM Bairstow, Fakhar Zaman, TA Boult, DA Warner, DJ Bravo, MS Wade, W Hasaranga, RG Sharma, Tamim Iqbal, JJ Bumrah, KAJ Roach, SS Cottrell, J Holder, PA Cummins, MG Johnson, MD Gunathilaka, MJ Santner"
"SA vs Australia, International, Sydney Cricket Ground, Sydney, 2015, Over 5 (death), L Ngidi bowled to GJ Maxwell, AD Mathews, SO Hetmyer, Mushfiqur Rahim, CJ Anderson, TG Southee, MR Marsh, KS Williamson, JD Ryder, Shadab Khan, Mustafizur Rahman, HH Pandya, CH Gayle, Babar Azam, SCJ Broad, JM Anderson, JE Root, JC Buttler, SK Yadav, TA Boult, DJ Bravo, Fakhar Zaman, J Holder, Naseem Shah, AN Fernando, EJG Morgan, JM Bairstow, DA Warner, JJ Bumrah, MS Wade, W Hasaranga, RG Sharma, Tamim Iqbal, KL Rahul, PA Cummins, SS Cottrell, KAJ Roach, Shaheen Afridi, MG Johnson, MD Gunathilaka, MJ Santner, 1402 runs scored, 54 wickets, extras: 99. Match situation: Australia 9430 for 306",Australia,International,death,2015,"Sydney Cricket Ground, Sydney",L Ngidi,"GJ Maxwell, AD Mathews, SO Hetmyer, Mushfiqur Rahim, CJ Anderson, TG Southee, MR Marsh, KS Williamson, JD Ryder, Shadab Khan, Mustafizur Rahman, HH Pandya, CH Gayle, Babar Azam, SCJ Broad, JM Anderson, JE Root, JC Buttler, SK Yadav, TA Boult, DJ Bravo, Fakhar Zaman, J Holder, Naseem Shah, AN Fernando, EJG Morgan, JM Bairstow, DA Warner, JJ Bumrah, MS Wade, W Hasaranga, RG Sharma, Tamim Iqbal, KL Rahul, PA Cummins, SS Cottrell, KAJ Roach, Shaheen Afridi, MG Johnson, MD Gunathilaka, MJ Santner"
"SA vs Australia, International, Sydney Cricket Ground, Sydney, 2015, Over 6 (death), K Rabada bowled to GJ Maxwell, MS Wade, AD Mathews, AN Fernando, SO Hetmyer, Mushfiqur Rahim, TG Southee, CJ Anderson, Shadab Khan, Shaheen Afridi, Mustafizur Rahman, HH Pandya, CH Gayle, Babar Azam, SCJ Broad, JM Anderson, JE Root, SK Yadav, KS Williamson, TA Boult, MJ Santner, DJ Bravo, Fakhar Zaman, J Holder, KAJ Roach, Naseem Shah, MR Marsh, EJG Morgan, JM Bairstow, DA Warner, JJ Bumrah, R Ashwin, W Hasaranga, RG Sharma, Tamim Iqbal, KL Rahul, PA Cummins, JC Buttler, SS Cottrell, MG Johnson, JD Ryder, MD Gunathilaka, Haris Rauf, 1384 runs scored, 49 wickets, extras: 86. Match situation: Australia 10900 for 355",Australia,International,death,2015,"Sydney Cricket Ground, Sydney",K Rabada,"GJ Maxwell, MS Wade, AD Mathews, AN Fernando, SO Hetmyer, Mushfiqur Rahim, TG Southee, CJ Anderson, Shadab Khan, Shaheen Afridi, Mustafizur Rahman, HH Pandya, CH Gayle, Babar Azam, SCJ Broad, JM Anderson, JE Root, SK Yadav, KS Williamson, TA Boult, MJ Santner, DJ Bravo, Fakhar Zaman, J Holder, KAJ Roach, Naseem Shah, MR Marsh, EJG Morgan, JM Bairstow, DA Warner, JJ Bumrah, R Ashwin, W Hasaranga, RG Sharma, Tamim Iqbal, KL Rahul, PA Cummins, JC Buttler, SS Cottrell, MG Johnson, JD Ryder, MD Gunathilaka, Haris Rauf"
"SA vs Australia, International, Sydney Cricket Ground, Sydney, 2015, Over 7 (death), A Nortje bowled to MS Wade, AN Fernando, SO Hetmyer, J Holder, Mushfiqur Rahim, TA Boult, CJ Anderson, Shaheen Afridi, Mustafizur Rahman, HH Pandya, SK Yadav, JJ Bumrah, CH Gayle, DJ Bravo, Babar Azam, SCJ Broad, JM Anderson, JE Root, TG Southee, KS Williamson, MJ Santner, Shadab Khan, KAJ Roach, Naseem Shah, W Hasaranga, MR Marsh, GJ Maxwell, Fakhar Zaman, AD Mathews, EJG Morgan, DA Warner, R Ashwin, PA Cummins, JM Bairstow, RG Sharma, JD Ryder, KL Rahul, MG Johnson, Haris Rauf, JC Buttler, Tamim Iqbal, SS Cottrell, MD Gunathilaka, 1443 runs scored, 52 wickets, extras: 83. Match situation: Australia 12426 for 407",Australia,International,death,2015,"Sydney Cricket Ground, Sydney",A Nortje,"MS Wade, AN Fernando, SO Hetmyer, J Holder, Mushfiqur Rahim, TA Boult, CJ Anderson, Shaheen Afridi, Mustafizur Rahman, HH Pandya, SK Yadav, JJ Bumrah, CH Gayle, DJ Bravo, Babar Azam, SCJ Broad, JM Anderson, JE Root, TG Southee, KS Williamson, MJ Santner, Shadab Khan, KAJ Roach, Naseem Shah, W Hasaranga, MR Marsh, GJ Maxwell, Fakhar Zaman, AD Mathews, EJG Morgan, DA Warner, R Ashwin, PA Cummins, JM Bairstow, RG Sharma, JD Ryder, KL Rahul, MG Johnson, Haris Rauf, JC Buttler, Tamim Iqbal, SS Cottrell, MD Gunathilaka"
"SA vs Australia, International, Sydney Cricket Ground, Sydney, 2015, Over 8 (death), L Ngidi bowled to MS Wade, AN Fernando, W Hasaranga, J Holder, Mushfiqur Rahim, TA Boult, Mustafizur Rahman, CJ Anderson, Shaheen Afridi, JJ Bumrah, R Ashwin, DJ Bravo, Babar Azam, JM Anderson, HH Pandya, SK Yadav, JE Root, JM Bairstow, TG Southee, MJ Santner, KS Williamson, SO Hetmyer, Shadab Khan, KAJ Roach, Naseem Shah, GJ Maxwell, AD Mathews, EJG Morgan, Fakhar Zaman, JC Buttler, MR Marsh, PA Cummins, MG Johnson, RG Sharma, KL Rahul, JD Ryder, SCJ Broad, Tamim Iqbal, SS Cottrell, Haris Rauf, MD Gunathilaka, 1532 runs scored, 57 wickets, extras: 91. Match situation: Australia 14049 for 464",Australia,International,death,2015,"Sydney Cricket Ground, Sydney",L Ngidi,"MS Wade, AN Fernando, W Hasaranga, J Holder, Mushfiqur Rahim, TA Boult, Mustafizur Rahman, CJ Anderson, Shaheen Afridi, JJ Bumrah, R Ashwin, DJ Bravo, Babar Azam, JM Anderson, HH Pandya, SK Yadav, JE Root, JM Bairstow, TG Southee, MJ Santner, KS Williamson, SO Hetmyer, Shadab Khan, KAJ Roach, Naseem Shah, GJ Maxwell, AD Mathews, EJG Morgan, Fakhar Zaman, JC Buttler, MR Marsh, PA Cummins, MG Johnson, RG Sharma, KL Rahul, JD Ryder, SCJ Broad, Tamim Iqbal, SS Cottrell, Haris Rauf, MD Gunathilaka"
"SA vs Australia, International, Sydney Cricket Ground, Sydney, 2015, Over 9 (death), K Rabada bowled to MS Wade, W Hasaranga, J Holder, KAJ Roach, Mushfiqur Rahim, Mustafizur Rahman, TA Boult, CJ Anderson, TG Southee, Shaheen Afridi, Haris Rauf, Naseem Shah, R Ashwin, DJ Bravo, Babar Azam, JM Anderson, JJ Bumrah, JM Bairstow, MJ Santner, KS Williamson, JD Ryder, Shadab Khan, SS Cottrell, SO Hetmyer, GJ Maxwell, AD Mathews, EJG Morgan, Fakhar Zaman, JC Buttler, SCJ Broad, SK Yadav, MG Johnson, HH Pandya, JE Root, KL Rahul, MR Marsh, AN Fernando, MD Gunathilaka, PA Cummins, 1372 runs scored, 53 wickets, extras: 82. Match situation: Australia 15503 for 517",Australia,International,death,2015,"Sydney Cricket Ground, Sydney",K Rabada,"MS Wade, W Hasaranga, J Holder, KAJ Roach, Mushfiqur Rahim, Mustafizur Rahman, TA Boult, CJ Anderson, TG Southee, Shaheen Afridi, Haris Rauf, Naseem Shah, R Ashwin, DJ Bravo, Babar Azam, JM Anderson, JJ Bumrah, JM Bairstow, MJ Santner, KS Williamson, JD Ryder, Shadab Khan, SS Cottrell, SO Hetmyer, GJ Maxwell, AD Mathews, EJG Morgan, Fakhar Zaman, JC Buttler, SCJ Broad, SK Yadav, MG Johnson, HH Pandya, JE Root, KL Rahul, MR Marsh, AN Fernando, MD Gunathilaka, PA Cummins"
"SA vs Australia, International, Sydney Cricket Ground, Sydney, 2015, Over 10 (death), T Shamsi bowled to MS Wade, W Hasaranga, KAJ Roach, SS Cottrell, Mustafizur Rahman, TA Boult, MJ Santner, Naseem Shah, R Ashwin, DJ Bravo, SO Hetmyer, Babar Azam, JM Anderson, JJ Bumrah, JM Bairstow, TG Southee, CJ Anderson, JD Ryder, Mushfiqur Rahim, Shaheen Afridi, J Holder, GJ Maxwell, Haris Rauf, AD Mathews, EJG Morgan, Fakhar Zaman, SCJ Broad, Shadab Khan, SK Yadav, JC Buttler, MG Johnson, HH Pandya, KL Rahul, MR Marsh, AN Fernando, PA Cummins, 1504 runs scored, 52 wickets, extras: 83. Match situation: Australia 17090 for 569",Australia,International,death,2015,"Sydney Cricket Ground, Sydney",T Shamsi,"MS Wade, W Hasaranga, KAJ Roach, SS Cottrell, Mustafizur Rahman, TA Boult, MJ Santner, Naseem Shah, R Ashwin, DJ Bravo, SO Hetmyer, Babar Azam, JM Anderson, JJ Bumrah, JM Bairstow, TG Southee, CJ Anderson, JD Ryder, Mushfiqur Rahim, Shaheen Afridi, J Holder, GJ Maxwell, Haris Rauf, AD Mathews, EJG Morgan, Fakhar Zaman, SCJ Broad, Shadab Khan, SK Yadav, JC Buttler, MG Johnson, HH Pandya, KL Rahul, MR Marsh, AN Fernando, PA Cummins"
"SA vs Australia, International, Sydney Cricket Ground, Sydney, 2015, Over 11 (death), K Rabada bowled to PA Cummins, W Hasaranga, SS Cottrell, Mustafizur Rahman, MJ Santner, MS Wade, TA Boult, Naseem Shah, R Ashwin, SO Hetmyer, Babar Azam, JM Anderson, JJ Bumrah, JM Bairstow, CJ Anderson, JD Ryder, KAJ Roach, Mushfiqur Rahim, Shaheen Afridi, J Holder, GJ Maxwell, Haris Rauf, AD Mathews, EJG Morgan, Fakhar Zaman, SK Yadav, AN Fernando, JC Buttler, MG Johnson, HH Pandya, Shadab Khan, KL Rahul, DJ Bravo, MR Marsh, TG Southee, SCJ Broad, 1582 runs scored, 44 wickets, extras: 102. Match situation: Australia 18774 for 613",Australia,International,death,2015,"Sydney Cricket Ground, Sydney",K Rabada,"PA Cummins, W Hasaranga, SS Cottrell, Mustafizur Rahman, MJ Santner, MS Wade, TA Boult, Naseem Shah, R Ashwin, SO Hetmyer, Babar Azam, JM Anderson, JJ Bumrah, JM Bairstow, CJ Anderson, JD Ryder, KAJ Roach, Mushfiqur Rahim, Shaheen Afridi, J Holder, GJ Maxwell, Haris Rauf, AD Mathews, EJG Morgan, Fakhar Zaman, SK Yadav, AN Fernando, JC Buttler, MG Johnson, HH Pandya, Shadab Khan, KL Rahul, DJ Bravo, MR Marsh, TG Southee, SCJ Broad"
"SA vs Australia, International, Sydney Cricket Ground, Sydney, 2015, Over 12 (death), K Rabada bowled to PA Cummins, W Hasaranga, SS Cottrell, Mustafizur Rahman, MJ Santner, MS Wade, TA Boult, Naseem Shah, R Ashwin, SO Hetmyer, Babar Azam, JM Anderson, JJ Bumrah, JM Bairstow, CJ Anderson, KAJ Roach, Mushfiqur Rahim, Shaheen Afridi, J Holder, GJ Maxwell, AD Mathews, EJG Morgan, JC Buttler, SCJ Broad, Fakhar Zaman, Haris Rauf, SK Yadav, AN Fernando, MG Johnson, Shadab Khan, KL Rahul, MR Marsh, TG Southee, JD Ryder, 1506 runs scored, 49 wickets, extras: 86. Match situation: Australia 20366 for 662",Australia,International,death,2015,"Sydney Cricket Ground, Sydney",K Rabada,"PA Cummins, W Hasaranga, SS Cottrell, Mustafizur Rahman, MJ Santner, MS Wade, TA Boult, Naseem Shah, R Ashwin, SO Hetmyer, Babar Azam, JM Anderson, JJ Bumrah, JM Bairstow, CJ Anderson, KAJ Roach, Mushfiqur Rahim, Shaheen Afridi, J Holder, GJ Maxwell, AD Mathews, EJG Morgan, JC Buttler, SCJ Broad, Fakhar Zaman, Haris Rauf, SK Yadav, AN Fernando, MG Johnson, Shadab Khan, KL Rahul, MR Marsh, TG Southee, JD Ryder"
"SA vs Australia, International, Sydney Cricket Ground, Sydney, 2015, Over 13 (death), K Rabada bowled to PA Cummins, W Hasaranga, SS Cottrell, Mustafizur Rahman, MJ Santner, MS Wade, TA Boult, Naseem Shah, R Ashwin, SO Hetmyer, Babar Azam, JM Anderson, JJ Bumrah, JM Bairstow, CJ Anderson, KAJ Roach, Shaheen Afridi, J Holder, GJ Maxwell, AD Mathews, SCJ Broad, Fakhar Zaman, Haris Rauf, MG Johnson, AN Fernando, JC Buttler, SK Yadav, Shadab Khan, EJG Morgan, KL Rahul, TG Southee, Mushfiqur Rahim, JD Ryder, 1535 runs scored, 49 wickets, extras: 91. Match situation: Australia 21992 for 711",Australia,International,death,2015,"Sydney Cricket Ground, Sydney",K Rabada,"PA Cummins, W Hasaranga, SS Cottrell, Mustafizur Rahman, MJ Santner, MS Wade, TA Boult, Naseem Shah, R Ashwin, SO Hetmyer, Babar Azam, JM Anderson, JJ Bumrah, JM Bairstow, CJ Anderson, KAJ Roach, Shaheen Afridi, J Holder, GJ Maxwell, AD Mathews, SCJ Broad, Fakhar Zaman, Haris Rauf, MG Johnson, AN Fernando, JC Buttler, SK Yadav, Shadab Khan, EJG Morgan, KL Rahul, TG Southee, Mushfiqur Rahim, JD Ryder"
"SA vs Australia, International, Sydney Cricket Ground, Sydney, 2015, Over 14 (death), L Ngidi bowled to PA Cummins, W Hasaranga, SS Cottrell, Mustafizur Rahman, MJ Santner, MS Wade, TA Boult, Naseem Shah, R Ashwin, SO Hetmyer, Babar Azam, JM Anderson, JJ Bumrah, JM Bairstow, CJ Anderson, TG Southee, Shaheen Afridi, J Holder, KAJ Roach, GJ Maxwell, AD Mathews, AN Fernando, SCJ Broad, Fakhar Zaman, MG Johnson, JC Buttler, SK Yadav, Haris Rauf, EJG Morgan, KL Rahul, Shadab Khan, Mushfiqur Rahim, 1417 runs scored, 56 wickets, extras: 73. Match situation: Australia 23482 for 767",Australia,International,death,2015,"Sydney Cricket Ground, Sydney",L Ngidi,"PA Cummins, W Hasaranga, SS Cottrell, Mustafizur Rahman, MJ Santner, MS Wade, TA Boult, Naseem Shah, R Ashwin, SO Hetmyer, Babar Azam, JM Anderson, JJ Bumrah, JM Bairstow, CJ Anderson, TG Southee, Shaheen Afridi, J Holder, KAJ Roach, GJ Maxwell, AD Mathews, AN Fernando, SCJ Broad, Fakhar Zaman, MG Johnson, JC Buttler, SK Yadav, Haris Rauf, EJG Morgan, KL Rahul, Shadab Khan, Mushfiqur Rahim"
"SA vs Australia, International, Sydney Cricket Ground, Sydney, 2015, Over 15 (death), K Rabada bowled to PA Cummins, MG Johnson, W Hasaranga, SS Cottrell, Mustafizur Rahman, MJ Santner, Naseem Shah, R Ashwin, SO Hetmyer, Babar Azam, JM Anderson, JJ Bumrah, JM Bairstow, TG Southee, CJ Anderson, Shaheen Afridi, KAJ Roach, GJ Maxwell, MS Wade, AN Fernando, SCJ Broad, Fakhar Zaman, Shadab Khan, JC Buttler, Haris Rauf, EJG Morgan, KL Rahul, HH Pandya, J Holder, TA Boult, 1529 runs scored, 51 wickets, extras: 111. Match situation: Australia 25122 for 818",Australia,International,death,2015,"Sydney Cricket Ground, Sydney",K Rabada,"PA Cummins, MG Johnson, W Hasaranga, SS Cottrell, Mustafizur Rahman, MJ Santner, Naseem Shah, R Ashwin, SO Hetmyer, Babar Azam, JM Anderson, JJ Bumrah, JM Bairstow, TG Southee, CJ Anderson, Shaheen Afridi, KAJ Roach, GJ Maxwell, MS Wade, AN Fernando, SCJ Broad, Fakhar Zaman, Shadab Khan, JC Buttler, Haris Rauf, EJG Morgan, KL Rahul, HH Pandya, J Holder, TA Boult"
"SA vs Australia, International, Sydney Cricket Ground, Sydney, 2015, Over 16 (death), T Shamsi bowled to MG Johnson, W Hasaranga, SS Cottrell, Mustafizur Rahman, MJ Santner, PA Cummins, Naseem Shah, R Ashwin, SO Hetmyer, J Holder, Babar Azam, JM Anderson, JJ Bumrah, JM Bairstow, TG Southee, CJ Anderson, Shaheen Afridi, GJ Maxwell, MS Wade, AN Fernando, JC Buttler, SCJ Broad, Haris Rauf, EJG Morgan, HH Pandya, SK Yadav, KAJ Roach, TA Boult, Fakhar Zaman, 1463 runs scored, 52 wickets, extras: 88. Match situation: Australia 26673 for 870",Australia,International,death,2015,"Sydney Cricket Ground, Sydney",T Shamsi,"MG Johnson, W Hasaranga, SS Cottrell, Mustafizur Rahman, MJ Santner, PA Cummins, Naseem Shah, R Ashwin, SO Hetmyer, J Holder, Babar Azam, JM Anderson, JJ Bumrah, JM Bairstow, TG Southee, CJ Anderson, Shaheen Afridi, GJ Maxwell, MS Wade, AN Fernando, JC Buttler, SCJ Broad, Haris Rauf, EJG Morgan, HH Pandya, SK Yadav, KAJ Roach, TA Boult, Fakhar Zaman"
"SA vs Australia, International, Sydney Cricket Ground, Sydney, 2015, Over 17 (death), L Ngidi bowled to MG Johnson, W Hasaranga, SS Cottrell, Mustafizur Rahman, MJ Santner, PA Cummins, Naseem Shah, R Ashwin, J Holder, Babar Azam, JM Anderson, JJ Bumrah, JM Bairstow, TG Southee, TA Boult, Shaheen Afridi, Haris Rauf, GJ Maxwell, MS Wade, AN Fernando, SCJ Broad, EJG Morgan, SO Hetmyer, SK Yadav, KAJ Roach, Fakhar Zaman, CJ Anderson, JC Buttler, 1509 runs scored, 35 wickets, extras: 76. Match situation: Australia 28258 for 905",Australia,International,death,2015,"Sydney Cricket Ground, Sydney",L Ngidi,"MG Johnson, W Hasaranga, SS Cottrell, Mustafizur Rahman, MJ Santner, PA Cummins, Naseem Shah, R Ashwin, J Holder, Babar Azam, JM Anderson, JJ Bumrah, JM Bairstow, TG Southee, TA Boult, Shaheen Afridi, Haris Rauf, GJ Maxwell, MS Wade, AN Fernando, SCJ Broad, EJG Morgan, SO Hetmyer, SK Yadav, KAJ Roach, Fakhar Zaman, CJ Anderson, JC Buttler"
"SA vs Australia, International, Sydney Cricket Ground, Sydney, 2015, Over 18 (death), K Rabada bowled to MG Johnson, W Hasaranga, SS Cottrell, Mustafizur Rahman, MJ Santner, PA Cummins, Naseem Shah, R Ashwin, J Holder, Babar Azam, JM Anderson, JM Bairstow, TG Southee, TA Boult, GJ Maxwell, MS Wade, Shaheen Afridi, SCJ Broad, JJ Bumrah, EJG Morgan, SO Hetmyer, KAJ Roach, Haris Rauf, Fakhar Zaman, CJ Anderson, JC Buttler, 1603 runs scored, 37 wickets, extras: 91. Match situation: Australia 29952 for 942",Australia,International,death,2015,"Sydney Cricket Ground, Sydney",K Rabada,"MG Johnson, W Hasaranga, SS Cottrell, Mustafizur Rahman, MJ Santner, PA Cummins, Naseem Shah, R Ashwin, J Holder, Babar Azam, JM Anderson, JM Bairstow, TG Southee, TA Boult, GJ Maxwell, MS Wade, Shaheen Afridi, SCJ Broad, JJ Bumrah, EJG Morgan, SO Hetmyer, KAJ Roach, Haris Rauf, Fakhar Zaman, CJ Anderson, JC Buttler"
"SA vs Australia, International, Sydney Cricket Ground, Sydney, 2015, Over 19 (death), T Shamsi bowled to MG Johnson, W Hasaranga, SS Cottrell, Mustafizur Rahman, MJ Santner, PA Cummins, Naseem Shah, R Ashwin, J Holder, Babar Azam, JM Anderson, JM Bairstow, TG Southee, TA Boult, GJ Maxwell, Shaheen Afridi, SCJ Broad, JJ Bumrah, EJG Morgan, JC Buttler, SO Hetmyer, KAJ Roach, Fakhar Zaman, CJ Anderson, Haris Rauf, MS Wade, 1519 runs scored, 43 wickets, extras: 79. Match situation: Australia 31550 for 985",Australia,International,death,2015,"Sydney Cricket Ground, Sydney",T Shamsi,"MG Johnson, W Hasaranga, SS Cottrell, Mustafizur Rahman, MJ Santner, PA Cummins, Naseem Shah, R Ashwin, J Holder, Babar Azam, JM Anderson, JM Bairstow, TG Southee, TA Boult, GJ Maxwell, Shaheen Afridi, SCJ Broad, JJ Bumrah, EJG Morgan, JC Buttler, SO Hetmyer, KAJ Roach, Fakhar Zaman, CJ Anderson, Haris Rauf, MS Wade"
"SA vs Australia, International, Sydney Cricket Ground, Sydney, 2015, Over 20 (death), L Ngidi bowled to W Hasaranga, SS Cottrell, R Ashwin, SCJ Broad, JM Anderson, MG Johnson, JJ Bumrah, Naseem Shah, JC Buttler, SO Hetmyer, Mustafizur Rahman, KAJ Roach, MJ Santner, Fakhar Zaman, Shadab Khan, CJ Anderson, Haris Rauf, MS Wade, 978 runs scored, 42 wickets, extras: 49. Match situation: Sri Lanka 32577 for 1027",Australia,International,death,2015,"Sydney Cricket Ground, Sydney",L Ngidi,"W Hasaranga, SS Cottrell, R Ashwin, SCJ Broad, JM Anderson, MG Johnson, JJ Bumrah, Naseem Shah, JC Buttler, SO Hetmyer, Mustafizur Rahman, KAJ Roach, MJ Santner, Fakhar Zaman, Shadab Khan, CJ Anderson, Haris Rauf, MS Wade"
"SA vs Australia, International, Sydney Cricket Ground, Sydney, 2015, Over 21 (death), A Nortje bowled to W Hasaranga, SS Cottrell, R Ashwin, SCJ Broad, JM Anderson, MG Johnson, JJ Bumrah, Naseem Shah, SO Hetmyer, Mustafizur Rahman, MJ Santner, Shadab Khan, CJ Anderson, MS Wade, PA Cummins, 985 runs scored, 20 wickets, extras: 60. Match situation: Sri Lanka 33622 for 1047",Australia,International,death,2015,"Sydney Cricket Ground, Sydney",A Nortje,"W Hasaranga, SS Cottrell, R Ashwin, SCJ Broad, JM Anderson, MG Johnson, JJ Bumrah, Naseem Shah, SO Hetmyer, Mustafizur Rahman, MJ Santner, Shadab Khan, CJ Anderson, MS Wade, PA Cummins"
"SA vs Australia, International, Sydney Cricket Ground, Sydney, 2015, Over 22 (death), K Maharaj bowled to W Hasaranga, SS Cottrell, R Ashwin, JM Anderson, MG Johnson, Naseem Shah, SO Hetmyer, JJ Bumrah, Mustafizur Rahman, MJ Santner, Shadab Khan, CJ Anderson, PA Cummins, 1004 runs scored, 20 wickets, extras: 59. Match situation: Sri Lanka 34685 for 1067",Australia,International,death,2015,"Sydney Cricket Ground, Sydney",K Maharaj,"W Hasaranga, SS Cottrell, R Ashwin, JM Anderson, MG Johnson, Naseem Shah, SO Hetmyer, JJ Bumrah, Mustafizur Rahman, MJ Santner, Shadab Khan, CJ Anderson, PA Cummins"
"SA vs Australia, International, Sydney Cricket Ground, Sydney, 2015, Over 23 (death), T Shamsi bowled to W Hasaranga, SS Cottrell, R Ashwin, JM Anderson, MG Johnson, Naseem Shah, SO Hetmyer, JJ Bumrah, Mustafizur Rahman, MJ Santner, Shadab Khan, CJ Anderson, PA Cummins, 966 runs scored, 22 wickets, extras: 65. Match situation: Sri Lanka 35716 for 1089",Australia,International,death,2015,"Sydney Cricket Ground, Sydney",T Shamsi,"W Hasaranga, SS Cottrell, R Ashwin, JM Anderson, MG Johnson, Naseem Shah, SO Hetmyer, JJ Bumrah, Mustafizur Rahman, MJ Santner, Shadab Khan, CJ Anderson, PA Cummins"
"SA vs Australia, International, Sydney Cricket Ground, Sydney, 2015, Over 24 (death), T Shamsi bowled to W Hasaranga, SS Cottrell, R Ashwin, JM Anderson, MG Johnson, Naseem Shah, J Holder, JJ Bumrah, Mustafizur Rahman, MJ Santner, Shadab Khan, CJ Anderson, TG Southee, PA Cummins, 1031 runs scored, 31 wickets, extras: 59. Match situation: Sri Lanka 36806 for 1120",Australia,International,death,2015,"Sydney Cricket Ground, Sydney",T Shamsi,"W Hasaranga, SS Cottrell, R Ashwin, JM Anderson, MG Johnson, Naseem Shah, J Holder, JJ Bumrah, Mustafizur Rahman, MJ Santner, Shadab Khan, CJ Anderson, TG Southee, PA Cummins"
"SA vs Australia, International, Sydney Cricket Ground, Sydney, 2015, Over 25 (death), K Maharaj bowled to W Hasaranga, SS Cottrell, R Ashwin, JM Anderson, MG Johnson, Naseem Shah, J Holder, Mustafizur Rahman, MJ Santner, Shadab Khan, Shaheen Afridi, Haris Rauf, TG Southee, PA Cummins, 944 runs scored, 24 wickets, extras: 59. Match situation: Sri Lanka 37809 for 1144",Australia,International,death,2015,"Sydney Cricket Ground, Sydney",K Maharaj,"W Hasaranga, SS Cottrell, R Ashwin, JM Anderson, MG Johnson, Naseem Shah, J Holder, Mustafizur Rahman, MJ Santner, Shadab Khan, Shaheen Afridi, Haris Rauf, TG Southee, PA Cummins"
"SA vs Australia, International, Sydney Cricket Ground, Sydney, 2015, Over 26 (death), T Shamsi bowled to W Hasaranga, SS Cottrell, R Ashwin, JM Anderson, MG Johnson, Naseem Shah, J Holder, Mustafizur Rahman, MJ Santner, Haris Rauf, TG Southee, 958 runs scored, 19 wickets, extras: 67. Match situation: Sri Lanka 38834 for 1163",Australia,International,death,2015,"Sydney Cricket Ground, Sydney",T Shamsi,"W Hasaranga, SS Cottrell, R Ashwin, JM Anderson, MG Johnson, Naseem Shah, J Holder, Mustafizur Rahman, MJ Santner, Haris Rauf, TG Southee"
"SA vs Australia, International, Sydney Cricket Ground, Sydney, 2015, Over 27 (death), L Ngidi bowled to W Hasaranga, SS Cottrell, R Ashwin, JM Anderson, MG Johnson, Naseem Shah, KAJ Roach, Mustafizur Rahman, MJ Santner, TG Southee, TA Boult, 971 runs scored, 16 wickets, extras: 74. Match situation: Sri Lanka 39879 for 1179",Australia,International,death,2015,"Sydney Cricket Ground, Sydney",L Ngidi,"W Hasaranga, SS Cottrell, R Ashwin, JM Anderson, MG Johnson, Naseem Shah, KAJ Roach, Mustafizur Rahman, MJ Santner, TG Southee, TA Boult"
"SA vs Australia, International, Sydney Cricket Ground, Sydney, 2015, Over 28 (death), DW Steyn bowled to W Hasaranga, SS Cottrell, R Ashwin, JM Anderson, MG Johnson, Naseem Shah, KAJ Roach, Mustafizur Rahman, MJ Santner, TA Boult, 935 runs scored, 15 wickets, extras: 56. Match situation: Sri Lanka 40870 for 1194",Australia,International,death,2015,"Sydney Cricket Ground, Sydney",DW Steyn,"W Hasaranga, SS Cottrell, R Ashwin, JM Anderson, MG Johnson, Naseem Shah, KAJ Roach, Mustafizur Rahman, MJ Santner, TA Boult"
"SA vs Australia, International, Sydney Cricket Ground, Sydney, 2015, Over 29 (death), K Rabada bowled to W Hasaranga, SS Cottrell, R Ashwin, JM Anderson, MG Johnson, Naseem Shah, Mustafizur Rahman, MJ Santner, TA Boult, 943 runs scored, 16 wickets, extras: 63. Match situation: Sri Lanka 41876 for 1210",Australia,International,death,2015,"Sydney Cricket Ground, Sydney",K Rabada,"W Hasaranga, SS Cottrell, R Ashwin, JM Anderson, MG Johnson, Naseem Shah, Mustafizur Rahman, MJ Santner, TA Boult"
"SA vs Australia, International, Sydney Cricket Ground, Sydney, 2015, Over 30 (death), T Shamsi bowled to W Hasaranga, SS Cottrell, R Ashwin, JM Anderson, MG Johnson, Naseem Shah, Mustafizur Rahman, MJ Santner, TA Boult, 924 runs scored, 16 wickets, extras: 64. Match situation: Sri Lanka 42864 for 1226",Australia,International,death,2015,"Sydney Cricket Ground, Sydney",T Shamsi,"W Hasaranga, SS Cottrell, R Ashwin, JM Anderson, MG Johnson, Naseem Shah, Mustafizur Rahman, MJ Santner, TA Boult"
"SA vs Australia, International, Sydney Cricket Ground, Sydney, 2015, Over 31 (death), DW Steyn bowled to W Hasaranga, SS Cottrell, R Ashwin, JM Anderson, MG Johnson, Naseem Shah, Mustafizur Rahman, MJ Santner, TA Boult, 1063 runs scored, 15 wickets, extras: 49. Match situation: Sri Lanka 43976 for 1241",Australia,International,death,2015,"Sydney Cricket Ground, Sydney",DW Steyn,"W Hasaranga, SS Cottrell, R Ashwin, JM Anderson, MG Johnson, Naseem Shah, Mustafizur Rahman, MJ Santner, TA Boult"
"SA vs Australia, International, Sydney Cricket Ground, Sydney, 2015, Over 32 (death), A Nortje bowled to W Hasaranga, SS Cottrell, R Ashwin, JM Anderson, MG Johnson, Naseem Shah, Mustafizur Rahman, MJ Santner, 1002 runs scored, 10 wickets, extras: 55. Match situation: Sri Lanka 45033 for 1251",Australia,International,death,2015,"Sydney Cricket Ground, Sydney",A Nortje,"W Hasaranga, SS Cottrell, R Ashwin, JM Anderson, MG Johnson, Naseem Shah, Mustafizur Rahman, MJ Santner"
"SA vs Australia, International, Sydney Cricket Ground, Sydney, 2015, Over 33 (death), A Nortje bowled to W Hasaranga, SS Cottrell, R Ashwin, JM Anderson, MG Johnson, Naseem Shah, Mustafizur Rahman, MJ Santner, 993 runs scored, 8 wickets, extras: 66. Match situation: Sri Lanka 46092 for 1259",Australia,International,death,2015,"Sydney Cricket Ground, Sydney",A Nortje,"W Hasaranga, SS Cottrell, R Ashwin, JM Anderson, MG Johnson, Naseem Shah, Mustafizur Rahman, MJ Santner"
"SA vs Australia, International, Sydney Cricket Ground, Sydney, 2015, Over 34 (death), L Ngidi bowled to W Hasaranga, SS Cottrell, R Ashwin, JM Anderson, MG Johnson, Naseem Shah, Mustafizur Rahman, MJ Santner, 1080 runs scored, 7 wickets, extras: 63. Match situation: Sri Lanka 47235 for 1266",Australia,International,death,2015,"Sydney Cricket Ground, Sydney",L Ngidi,"W Hasaranga, SS Cottrell, R Ashwin, JM Anderson, MG Johnson, Naseem Shah, Mustafizur Rahman, MJ Santner"
"SA vs Australia, International, Sydney Cricket Ground, Sydney, 2015, Over 35 (death), DW Steyn bowled to W Hasaranga, SS Cottrell, R Ashwin, JM Anderson, MG Johnson, Naseem Shah, Mustafizur Rahman, MJ Santner, 1038 runs scored, 11 wickets, extras: 55. Match situation: Sri Lanka 48328 for 1277",Australia,International,death,2015,"Sydney Cricket Ground, Sydney",DW Steyn,"W Hasaranga, SS Cottrell, R Ashwin, JM Anderson, MG Johnson, Naseem Shah, Mustafizur Rahman, MJ Santner"
"SA vs Australia, International, Sydney Cricket Ground, Sydney, 2015, Over 36 (death), DW Steyn bowled to W Hasaranga, SS Cottrell, R Ashwin, JM Anderson, MG Johnson, Naseem Shah, Mustafizur Rahman, MJ Santner, 1013 runs scored, 5 wickets, extras: 57. Match situation: Sri Lanka 49398 for 1282",Australia,International,death,2015,"Sydney Cricket Ground, Sydney",DW Steyn,"W Hasaranga, SS Cottrell, R Ashwin, JM Anderson, MG Johnson, Naseem Shah, Mustafizur Rahman, MJ Santner"
"SA vs Australia, International, Sydney Cricket Ground, Sydney, 2015, Over 37 (death), DW Steyn bowled to W Hasaranga, SS Cottrell, R Ashwin, JM Anderson, MG Johnson, Naseem Shah, Mustafizur Rahman, MJ Santner, 984 runs scored, 4 wickets, extras: 42. Match situation: Sri Lanka 50424 for 1286",Australia,International,death,2015,"Sydney Cricket Ground, Sydney",DW Steyn,"W Hasaranga, SS Cottrell, R Ashwin, JM Anderson, MG Johnson, Naseem Shah, Mustafizur Rahman, MJ Santner"
"SA vs Australia, International, Sydney Cricket Ground, Sydney, 2015, Over 38 (death), A Nortje bowled to W Hasaranga, SS Cottrell, R Ashwin, JM Anderson, MG Johnson, Naseem Shah, Mustafizur Rahman, MJ Santner, 998 runs scored, 9 wickets, extras: 46. Match situation: Sri Lanka 51468 for 1295",Australia,International,death,2015,"Sydney Cricket Ground, Sydney",A Nortje,"W Hasaranga, SS Cottrell, R Ashwin, JM Anderson, MG Johnson, Naseem Shah, Mustafizur Rahman, MJ Santner"
"SA vs Australia, International, Sydney Cricket Ground, Sydney, 2015, Over 39 (death), A Nortje bowled to W Hasaranga, SS Cottrell, R Ashwin, JM Anderson, MG Johnson, Naseem Shah, Mustafizur Rahman, MJ Santner, 1017 runs scored, 4 wickets, extras: 67. Match situation: Sri Lanka 52552 for 1299",Australia,International,death,2015,"Sydney Cricket Ground, Sydney",A Nortje,"W Hasaranga, SS Cottrell, R Ashwin, JM Anderson, MG Johnson, Naseem Shah, Mustafizur Rahman, MJ Santner"
"SA vs Australia, International, Sydney Cricket Ground, Sydney, 2015, Over 40 (death), K Maharaj bowled to W Hasaranga, SS Cottrell, R Ashwin, JM Anderson, MG Johnson, Naseem Shah, Mustafizur Rahman, MJ Santner, 1018 runs scored, 5 wickets, extras: 47. Match situation: Sri Lanka 53617 for 1304",Australia,International,death,2015,"Sydney Cricket Ground, Sydney",K Maharaj,"W Hasaranga, SS Cottrell, R Ashwin, JM Anderson, MG Johnson, Naseem Shah, Mustafizur Rahman, MJ Santner"
"SA vs Australia, International, Sydney Cricket Ground, Sydney, 2015, Over 41 (death), DW Steyn bowled to W Hasaranga, SS Cottrell, R Ashwin, JM Anderson, MG Johnson, Naseem Shah, Mustafizur Rahman, MJ Santner, 1046 runs scored, 5 wickets, extras: 71. Match situation: Sri Lanka 54734 for 1309",Australia,International,death,2015,"Sydney Cricket Ground, Sydney",DW Steyn,"W Hasaranga, SS Cottrell, R Ashwin, JM Anderson, MG Johnson, Naseem Shah, Mustafizur Rahman, MJ Santner"
"SA vs Australia, International, Sydney Cricket Ground, Sydney, 2015, Over 42 (death), T Shamsi bowled to W Hasaranga, SS Cottrell, R Ashwin, JM Anderson, MG Johnson, Naseem Shah, Mustafizur Rahman, MJ Santner, 1019 runs scored, 3 wickets, extras: 61. Match situation: Sri Lanka 55814 for 1312",Australia,International,death,2015,"Sydney Cricket Ground, Sydney",T Shamsi,"W Hasaranga, SS Cottrell, R Ashwin, JM Anderson, MG Johnson, Naseem Shah, Mustafizur Rahman, MJ Santner"
"SA vs Australia, International, Sydney Cricket Ground, Sydney, 2015, Over 43 (death), L Ngidi bowled to W Hasaranga, SS Cottrell, R Ashwin, JM Anderson, MG Johnson, Naseem Shah, Mustafizur Rahman, MJ Santner, 943 runs scored, 1 wickets, extras: 60. Match situation: Sri Lanka 56817 for 1313",Australia,International,death,2015,"Sydney Cricket Ground, Sydney",L Ngidi,"W Hasaranga, SS Cottrell, R Ashwin, JM Anderson, MG Johnson, Naseem Shah, Mustafizur Rahman, MJ Santner"
"SA vs Australia, International, Sydney Cricket Ground, Sydney, 2015, Over 44 (death), DW Steyn bowled to W Hasaranga, SS Cottrell, R Ashwin, JM Anderson, MG Johnson, Naseem Shah, Mustafizur Rahman, MJ Santner, 958 runs scored, 5 wickets, extras: 61. Match situation: Sri Lanka 57836 for 1318",Australia,International,death,2015,"Sydney Cricket Ground, Sydney",DW Steyn,"W Hasaranga, SS Cottrell, R Ashwin, JM Anderson, MG Johnson, Naseem Shah, Mustafizur Rahman, MJ Santner"
"SA vs Australia, International, Sydney Cricket Ground, Sydney, 2015, Over 45 (death), A Nortje bowled to W Hasaranga, SS Cottrell, R Ashwin, JM Anderson, MG Johnson, Naseem Shah, Mustafizur Rahman, MJ Santner, 1029 runs scored, 1 wickets, extras: 60. Match situation: Sri Lanka 58925 for 1319",Australia,International,death,2015,"Sydney Cricket Ground, Sydney",A Nortje,"W Hasaranga, SS Cottrell, R Ashwin, JM Anderson, MG Johnson, Naseem Shah, Mustafizur Rahman, MJ Santner"
"SA vs Australia, International, Sydney Cricket Ground, Sydney, 2015, Over 46 (death), T Shamsi bowled to W Hasaranga, SS Cottrell, R Ashwin, JM Anderson, MG Johnson, Naseem Shah, Mustafizur Rahman, MJ Santner, 1017 runs scored, 0 wickets, extras: 52. Match situation: Sri Lanka 59994 for 1319",Australia,International,death,2015,"Sydney Cricket Ground, Sydney",T Shamsi,"W Hasaranga, SS Cottrell, R Ashwin, JM Anderson, MG Johnson, Naseem Shah, Mustafizur Rahman, MJ Santner"
"SA vs Australia, International, Sydney Cricket Ground, Sydney, 2015, Over 47 (death), DW Steyn bowled to W Hasaranga, SS Cottrell, R Ashwin, JM Anderson, MG Johnson, Naseem Shah, Mustafizur Rahman, MJ Santner, 1009 runs scored, 2 wickets, extras: 58. Match situation: Sri Lanka 61061 for 1321",Australia,International,death,2015,"Sydney Cricket Ground, Sydney",DW Steyn,"W Hasaranga, SS Cottrell, R Ashwin, JM Anderson, MG Johnson, Naseem Shah, Mustafizur Rahman, MJ Santner"
"SA vs Australia, International, Sydney Cricket Ground, Sydney, 2015, Over 48 (death), L Ngidi bowled to W Hasaranga, SS Cottrell, R Ashwin, JM Anderson, MG Johnson, Naseem Shah, Mustafizur Rahman, MJ Santner, 1017 runs scored, 0 wickets, extras: 67. Match situation: Sri Lanka 62145 for 1321",Australia,International,death,2015,"Sydney Cricket Ground, Sydney",L Ngidi,"W Hasaranga, SS Cottrell, R Ashwin, JM Anderson, MG Johnson, Naseem Shah, Mustafizur Rahman, MJ Santner"
"SA vs Australia, International, Sydney Cricket Ground, Sydney, 2015, Over 49 (death), A Nortje bowled to W Hasaranga, SS Cottrell, R Ashwin, JM Anderson, MG Johnson, Naseem Shah, Mustafizur Rahman, MJ Santner, 958 runs scored, 1 wickets, extras: 55. Match situation: Sri Lanka 63158 for 1322",Australia,International,death,2015,"Sydney Cricket Ground, Sydney",A Nortje,"W Hasaranga, SS Cottrell, R Ashwin, JM Anderson, MG Johnson, Naseem Shah, Mustafizur Rahman, MJ Santner"
